symbol,side,entry_px,exit_px,qty,pnl,outcome,entry_ts,exit_ts
LINKUSDT,SELL,15.2624736,15.2395701,2.0,0.0458,TP,1749560505000,1749560610000
LINKUSDT,SELL,15.2654733,15.2425698,2.0,0.0458,TP,1749560670000,1749560715000
LINKUSDT,SELL,15.2764722,15.2535687,2.0,0.0458,TP,1749560730000,1749560745000
LINKUSDT,SELL,15.2314767,15.2085732,2.0,0.0458,TP,1749560805000,1749560970000
LINKUSDT,SELL,15.2304768,15.2686493,2.0,-0.0763,SL,1749561030000,1749561150000
LINKUSDT,SELL,15.253474500000001,15.230571000000001,2.0,0.0458,TP,1749561165000,1749561375000
LINKUSDT,SELL,15.250474800000001,15.288647300000001,2.0,-0.0763,SL,1749561450000,1749561570000
LINKUSDT,BUY,15.269526800000001,15.292430300000001,2.0,0.0458,TP,1749561615000,1749561630000
LINKUSDT,BUY,15.261526,15.2844295,2.0,0.0458,TP,1749561690000,1749561795000
LINKUSDT,BUY,15.2525251,15.2754286,2.0,0.0458,TP,1749561855000,1749561870000
LINKUSDT,SELL,15.2394759,15.2776484,2.0,-0.0763,SL,1749561945000,1749561990000
LINKUSDT,SELL,15.2774721,15.2545686,2.0,0.0458,TP,1749562005000,1749562050000
LINKUSDT,SELL,15.2204778,15.1975743,2.0,0.0458,TP,1749562155000,1749562170000
LINKUSDT,SELL,15.2474751,15.2245716,2.0,0.0458,TP,1749562230000,1749562290000
LINKUSDT,SELL,15.2044794,15.1815759,2.0,0.0458,TP,1749562335000,1749562350000
LINKUSDT,SELL,15.1644834,15.1415799,2.0,0.0458,TP,1749562395000,1749562410000
LINKUSDT,SELL,15.148485,15.125581500000001,2.0,0.0458,TP,1749562455000,1749562470000
LINKUSDT,SELL,15.1274871,15.1045836,2.0,0.0458,TP,1749562515000,1749562530000
LINKUSDT,SELL,15.0804918,15.0575883,2.0,0.0458,TP,1749562575000,1749562590000
LINKUSDT,SELL,15.1064892,15.0835857,2.0,0.0458,TP,1749562650000,1749562695000
LINKUSDT,SELL,15.1264872,15.1035837,2.0,0.0458,TP,1749562770000,1749562830000
LINKUSDT,SELL,15.0624936,15.0395901,2.0,0.0458,TP,1749562905000,1749562950000
LINKUSDT,SELL,15.0294969,15.0065934,2.0,0.0458,TP,1749563025000,1749563070000
LINKUSDT,SELL,15.0344964,15.0115929,2.0,0.0458,TP,1749563130000,1749563190000
LINKUSDT,SELL,15.0364962,15.0135927,2.0,0.0458,TP,1749563250000,1749563310000
LINKUSDT,SELL,15.0394959,15.0165924,2.0,0.0458,TP,1749563370000,1749563415000
LINKUSDT,BUY,15.0455044,15.0684079,2.0,0.0458,TP,1749563445000,1749563490000
LINKUSDT,BUY,15.063506199999999,15.086409699999999,2.0,0.0458,TP,1749563565000,1749563910000
LINKUSDT,BUY,15.1085107,15.1314142,2.0,0.0458,TP,1749563985000,1749564090000
LINKUSDT,BUY,15.0885087,15.0503362,2.0,-0.0763,SL,1749564150000,1749564270000
LINKUSDT,BUY,15.0565055,15.079409,2.0,0.0458,TP,1749564285000,1749564330000
LINKUSDT,BUY,15.089508799999999,15.0513363,2.0,-0.0763,SL,1749564450000,1749564510000
LINKUSDT,BUY,15.0725071,15.0954106,2.0,0.0458,TP,1749564525000,1749564630000
LINKUSDT,BUY,15.1535152,15.1764187,2.0,0.0458,TP,1749564705000,1749564810000
LINKUSDT,BUY,15.1255124,15.0873399,2.0,-0.0763,SL,1749564870000,1749564990000
LINKUSDT,BUY,15.0795078,15.0413353,2.0,-0.0763,SL,1749565005000,1749565230000
LINKUSDT,SELL,15.0644934,15.0415899,2.0,0.0458,TP,1749565275000,1749565290000
LINKUSDT,SELL,15.0504948,15.0886673,2.0,-0.0763,SL,1749565350000,1749565470000
LINKUSDT,SELL,15.0944904,15.0715869,2.0,0.0458,TP,1749565485000,1749565590000
LINKUSDT,SELL,15.079491899999999,15.056588399999999,2.0,0.0458,TP,1749565650000,1749565710000
LINKUSDT,SELL,15.070492799999998,15.047589299999999,2.0,0.0458,TP,1749565770000,1749565950000
LINKUSDT,SELL,15.0214977,15.0596702,2.0,-0.0763,SL,1749565995000,1749566250000
LINKUSDT,SELL,15.0544944,15.0315909,2.0,0.0458,TP,1749566265000,1749566310000
LINKUSDT,SELL,15.0394959,15.0165924,2.0,0.0458,TP,1749566370000,1749566490000
LINKUSDT,SELL,15.0214977,14.9985942,2.0,0.0458,TP,1749566550000,1749566595000
LINKUSDT,SELL,15.0114987,14.9885952,2.0,0.0458,TP,1749566655000,1749566670000
LINKUSDT,SELL,14.9994999,14.9765964,2.0,0.0458,TP,1749566715000,1749566730000
LINKUSDT,SELL,15.0004998,14.9775963,2.0,0.0458,TP,1749566790000,1749566850000
LINKUSDT,SELL,14.955504300000001,14.993676800000001,2.0,-0.0763,SL,1749566925000,1749566970000
LINKUSDT,SELL,15.0214977,14.9985942,2.0,0.0458,TP,1749566985000,1749567090000
LINKUSDT,SELL,14.9705028,14.9475993,2.0,0.0458,TP,1749567165000,1749567375000
LINKUSDT,SELL,14.9935005,14.970597,2.0,0.0458,TP,1749567450000,1749567630000
LINKUSDT,SELL,14.977502099999999,14.954598599999999,2.0,0.0458,TP,1749567690000,1749567855000
LINKUSDT,BUY,15.0205019,15.0434054,2.0,0.0458,TP,1749567945000,1749568110000
LINKUSDT,BUY,15.025502399999999,15.048405899999999,2.0,0.0458,TP,1749568155000,1749568170000
LINKUSDT,BUY,15.029502800000001,15.052406300000001,2.0,0.0458,TP,1749568230000,1749568290000
LINKUSDT,BUY,15.071507,15.0944105,2.0,0.0458,TP,1749568335000,1749568590000
LINKUSDT,BUY,15.0855084,15.0473359,2.0,-0.0763,SL,1749568650000,1749568770000
LINKUSDT,BUY,15.0305029,15.0534064,2.0,0.0458,TP,1749568785000,1749568875000
LINKUSDT,SELL,15.018498,14.9955945,2.0,0.0458,TP,1749569070000,1749569430000
LINKUSDT,SELL,14.9305068,14.9076033,2.0,0.0458,TP,1749569505000,1749569550000
LINKUSDT,SELL,14.9005098,14.8776063,2.0,0.0458,TP,1749569595000,1749569610000
LINKUSDT,SELL,14.850514800000001,14.8886873,2.0,-0.0763,SL,1749569670000,1749569775000
LINKUSDT,SELL,14.858514,14.8966865,2.0,-0.0763,SL,1749569790000,1749569970000
LINKUSDT,SELL,14.8975101,14.8746066,2.0,0.0458,TP,1749569985000,1749570090000
LINKUSDT,SELL,14.891510700000001,14.929683200000001,2.0,-0.0763,SL,1749570150000,1749570390000
LINKUSDT,SELL,14.9445054,14.9826779,2.0,-0.0763,SL,1749570405000,1749570810000
LINKUSDT,BUY,15.000499900000001,15.023403400000001,2.0,0.0458,TP,1749570885000,1749570930000
LINKUSDT,BUY,15.0625061,15.0854096,2.0,0.0458,TP,1749570975000,1749570990000
LINKUSDT,BUY,15.0925091,15.115412599999999,2.0,0.0458,TP,1749571050000,1749571110000
LINKUSDT,BUY,15.089508799999999,15.0513363,2.0,-0.0763,SL,1749571170000,1749571230000
LINKUSDT,BUY,15.0405039,15.0634074,2.0,0.0458,TP,1749571245000,1749571290000
LINKUSDT,BUY,15.0985097,15.1214132,2.0,0.0458,TP,1749571365000,1749571410000
LINKUSDT,BUY,15.3385337,15.3614372,2.0,0.0458,TP,1749571455000,1749571470000
LINKUSDT,BUY,15.4205419,15.4434454,2.0,0.0458,TP,1749571530000,1749571575000
LINKUSDT,BUY,15.4145413,15.4374448,2.0,0.0458,TP,1749571590000,1749571650000
LINKUSDT,BUY,15.441544,15.4644475,2.0,0.0458,TP,1749571695000,1749571710000
LINKUSDT,BUY,15.4755474,15.4373749,2.0,-0.0763,SL,1749571770000,1749571830000
LINKUSDT,BUY,15.4305429,15.3923704,2.0,-0.0763,SL,1749571845000,1749571890000
LINKUSDT,BUY,15.384538299999999,15.3463658,2.0,-0.0763,SL,1749571905000,1749571950000
LINKUSDT,BUY,15.3325331,15.355436599999999,2.0,0.0458,TP,1749571965000,1749572070000
LINKUSDT,BUY,15.351535,15.3744385,2.0,0.0458,TP,1749572130000,1749572190000
LINKUSDT,BUY,15.3455344,15.3684379,2.0,0.0458,TP,1749572250000,1749572310000
LINKUSDT,BUY,15.3885387,15.3503662,2.0,-0.0763,SL,1749572385000,1749572430000
LINKUSDT,SELL,15.3014697,15.2785662,2.0,0.0458,TP,1749572505000,1749572610000
LINKUSDT,SELL,15.2654733,15.2425698,2.0,0.0458,TP,1749572655000,1749572730000
LINKUSDT,SELL,15.2844714,15.3226439,2.0,-0.0763,SL,1749572790000,1749572850000
LINKUSDT,SELL,15.3264672,15.3035637,2.0,0.0458,TP,1749572865000,1749573090000
LINKUSDT,SELL,15.2954703,15.3336428,2.0,-0.0763,SL,1749573165000,1749573270000
LINKUSDT,BUY,15.2855284,15.2473559,2.0,-0.0763,SL,1749573330000,1749573510000
LINKUSDT,SELL,15.2444754,15.2826479,2.0,-0.0763,SL,1749573570000,1749573630000
LINKUSDT,SELL,15.2744724,15.2515689,2.0,0.0458,TP,1749573645000,1749573795000
LINKUSDT,SELL,15.283471500000001,15.260568000000001,2.0,0.0458,TP,1749573870000,1749573930000
LINKUSDT,SELL,15.2624736,15.2395701,2.0,0.0458,TP,1749573990000,1749574110000
LINKUSDT,SELL,15.2514747,15.2285712,2.0,0.0458,TP,1749574170000,1749574350000
LINKUSDT,SELL,15.2454753,15.2225718,2.0,0.0458,TP,1749574395000,1749574530000
LINKUSDT,SELL,15.2404758,15.2175723,2.0,0.0458,TP,1749574575000,1749574710000
LINKUSDT,SELL,15.1964802,15.2346527,2.0,-0.0763,SL,1749574770000,1749574890000
LINKUSDT,SELL,15.2404758,15.2175723,2.0,0.0458,TP,1749574905000,1749574950000
LINKUSDT,BUY,15.2865285,15.309432,2.0,0.0458,TP,1749575025000,1749575070000
LINKUSDT,BUY,15.3075306,15.3304341,2.0,0.0458,TP,1749575115000,1749575130000
LINKUSDT,BUY,15.3085307,15.3314342,2.0,0.0458,TP,1749575175000,1749575250000
LINKUSDT,BUY,15.3205319,15.3434354,2.0,0.0458,TP,1749575310000,1749575430000
LINKUSDT,BUY,15.329532799999999,15.352436299999999,2.0,0.0458,TP,1749575490000,1749575775000
LINKUSDT,BUY,15.3195318,15.2813593,2.0,-0.0763,SL,1749575790000,1749575850000
LINKUSDT,BUY,15.3095308,15.2713583,2.0,-0.0763,SL,1749575865000,1749575970000
LINKUSDT,BUY,15.272527100000001,15.234354600000001,2.0,-0.0763,SL,1749575985000,1749576510000
LINKUSDT,SELL,15.1354863,15.1125828,2.0,0.0458,TP,1749576585000,1749576630000
LINKUSDT,SELL,15.0994899,15.0765864,2.0,0.0458,TP,1749576690000,1749576810000
LINKUSDT,SELL,15.1324866,15.1095831,2.0,0.0458,TP,1749576870000,1749576975000
LINKUSDT,SELL,15.1324866,15.1095831,2.0,0.0458,TP,1749577035000,1749577110000
LINKUSDT,SELL,15.1064892,15.0835857,2.0,0.0458,TP,1749577170000,1749577230000
LINKUSDT,SELL,15.1014897,15.0785862,2.0,0.0458,TP,1749577290000,1749577350000
LINKUSDT,SELL,15.093490500000001,15.131663000000001,2.0,-0.0763,SL,1749577410000,1749578070000
LINKUSDT,SELL,15.140485799999999,15.117582299999999,2.0,0.0458,TP,1749578085000,1749578130000
LINKUSDT,SELL,15.1094889,15.0865854,2.0,0.0458,TP,1749578310000,1749578415000
LINKUSDT,SELL,15.084491400000001,15.061587900000001,2.0,0.0458,TP,1749578505000,1749578535000
LINKUSDT,SELL,15.1034895,15.141662,2.0,-0.0763,SL,1749578550000,1749579570000
LINKUSDT,BUY,15.1455144,15.1684179,2.0,0.0458,TP,1749579630000,1749579795000
LINKUSDT,BUY,15.137513599999998,15.160417099999998,2.0,0.0458,TP,1749579870000,1749579990000
LINKUSDT,BUY,15.1565155,15.118343,2.0,-0.0763,SL,1749580050000,1749580230000
LINKUSDT,BUY,15.1065105,15.068338,2.0,-0.0763,SL,1749580245000,1749580410000
LINKUSDT,SELL,15.070492799999998,15.108665299999998,2.0,-0.0763,SL,1749580470000,1749580590000
LINKUSDT,SELL,15.093490500000001,15.131663000000001,2.0,-0.0763,SL,1749580605000,1749581070000
LINKUSDT,SELL,15.1364862,15.1746587,2.0,-0.0763,SL,1749581085000,1749581250000
LINKUSDT,BUY,15.166516499999998,15.189419999999998,2.0,0.0458,TP,1749581310000,1749581370000
LINKUSDT,BUY,15.2125211,15.2354246,2.0,0.0458,TP,1749581415000,1749581490000
LINKUSDT,BUY,15.225522400000001,15.187349900000001,2.0,-0.0763,SL,1749581535000,1749581715000
LINKUSDT,BUY,15.208520700000001,15.231424200000001,2.0,0.0458,TP,1749581730000,1749582450000
LINKUSDT,BUY,15.233523199999999,15.195350699999999,2.0,-0.0763,SL,1749582495000,1749582975000
LINKUSDT,BUY,15.2145213,15.2374248,2.0,0.0458,TP,1749582990000,1749583230000
LINKUSDT,BUY,15.2465245,15.269428,2.0,0.0458,TP,1749583350000,1749583590000
LINKUSDT,BUY,15.263526200000001,15.286429700000001,2.0,0.0458,TP,1749583635000,1749583830000
LINKUSDT,BUY,15.281528,15.3044315,2.0,0.0458,TP,1749583890000,1749584010000
LINKUSDT,BUY,15.297529599999999,15.320433099999999,2.0,0.0458,TP,1749584055000,1749584130000
LINKUSDT,BUY,15.3195318,15.3424353,2.0,0.0458,TP,1749584175000,1749584250000
LINKUSDT,BUY,15.333533200000002,15.356436700000001,2.0,0.0458,TP,1749584295000,1749584310000
LINKUSDT,BUY,15.3595358,15.3213633,2.0,-0.0763,SL,1749584385000,1749584550000
LINKUSDT,BUY,15.3155314,15.2773589,2.0,-0.0763,SL,1749584565000,1749584670000
LINKUSDT,BUY,15.274527299999999,15.236354799999999,2.0,-0.0763,SL,1749584685000,1749584775000
LINKUSDT,SELL,15.29847,15.2755665,2.0,0.0458,TP,1749584790000,1749584850000
LINKUSDT,SELL,15.2524746,15.2295711,2.0,0.0458,TP,1749584910000,1749584970000
LINKUSDT,SELL,15.2704728,15.2475693,2.0,0.0458,TP,1749585030000,1749585090000
LINKUSDT,SELL,15.2324766,15.2095731,2.0,0.0458,TP,1749585165000,1749585210000
LINKUSDT,SELL,15.224477400000001,15.201573900000001,2.0,0.0458,TP,1749585270000,1749585390000
LINKUSDT,SELL,15.2414757,15.2185722,2.0,0.0458,TP,1749585450000,1749585750000
LINKUSDT,SELL,15.2394759,15.2165724,2.0,0.0458,TP,1749585810000,1749585870000
LINKUSDT,SELL,15.2054793,15.1825758,2.0,0.0458,TP,1749585915000,1749585930000
LINKUSDT,SELL,15.2014797,15.1785762,2.0,0.0458,TP,1749585990000,1749586050000
LINKUSDT,SELL,15.178481999999999,15.155578499999999,2.0,0.0458,TP,1749586110000,1749586290000
LINKUSDT,SELL,15.181481699999999,15.1585782,2.0,0.0458,TP,1749586350000,1749586470000
LINKUSDT,SELL,15.1744824,15.1515789,2.0,0.0458,TP,1749586530000,1749586650000
LINKUSDT,SELL,15.183481500000001,15.160578000000001,2.0,0.0458,TP,1749586710000,1749586755000
LINKUSDT,BUY,15.1975196,15.1593471,2.0,-0.0763,SL,1749586845000,1749586950000
LINKUSDT,SELL,15.1804818,15.2186543,2.0,-0.0763,SL,1749587010000,1749587415000
LINKUSDT,BUY,15.1905189,15.2134224,2.0,0.0458,TP,1749587490000,1749587775000
LINKUSDT,BUY,15.1885187,15.2114222,2.0,0.0458,TP,1749587835000,1749587970000
LINKUSDT,BUY,15.2095208,15.2324243,2.0,0.0458,TP,1749588030000,1749588555000
LINKUSDT,BUY,15.2205219,15.2434254,2.0,0.0458,TP,1749588645000,1749588930000
LINKUSDT,BUY,15.260525900000001,15.283429400000001,2.0,0.0458,TP,1749589005000,1749589230000
LINKUSDT,BUY,15.237523600000001,15.199351100000001,2.0,-0.0763,SL,1749589350000,1749589575000
LINKUSDT,BUY,15.2165215,15.239425,2.0,0.0458,TP,1749589590000,1749589710000
LINKUSDT,SELL,15.2454753,15.2225718,2.0,0.0458,TP,1749589725000,1749590070000
LINKUSDT,SELL,15.147485099999999,15.185657599999999,2.0,-0.0763,SL,1749590145000,1749590250000
LINKUSDT,SELL,15.1844814,15.1615779,2.0,0.0458,TP,1749590265000,1749590310000
LINKUSDT,SELL,15.1974801,15.1745766,2.0,0.0458,TP,1749590370000,1749590490000
LINKUSDT,SELL,15.1844814,15.1615779,2.0,0.0458,TP,1749590550000,1749590730000
LINKUSDT,SELL,15.1914807,15.2296532,2.0,-0.0763,SL,1749590790000,1749590910000
LINKUSDT,BUY,15.2475246,15.2704281,2.0,0.0458,TP,1749590955000,1749591390000
LINKUSDT,BUY,15.199519800000001,15.2224233,2.0,0.0458,TP,1749591450000,1749591510000
LINKUSDT,BUY,15.2475246,15.2704281,2.0,0.0458,TP,1749591630000,1749591690000
LINKUSDT,BUY,15.2765275,15.299431,2.0,0.0458,TP,1749591765000,1749592110000
LINKUSDT,BUY,15.269526800000001,15.292430300000001,2.0,0.0458,TP,1749592170000,1749592830000
LINKUSDT,BUY,15.2965295,15.319433,2.0,0.0458,TP,1749592875000,1749592950000
LINKUSDT,BUY,15.3245323,15.3474358,2.0,0.0458,TP,1749592995000,1749593130000
LINKUSDT,BUY,15.3905389,15.4134424,2.0,0.0458,TP,1749593205000,1749593415000
LINKUSDT,BUY,15.355535399999999,15.378438899999999,2.0,0.0458,TP,1749593490000,1749593550000
LINKUSDT,BUY,15.3495348,15.3724383,2.0,0.0458,TP,1749593610000,1749593670000
LINKUSDT,BUY,15.4185417,15.3803692,2.0,-0.0763,SL,1749593745000,1749593835000
LINKUSDT,BUY,15.3985397,15.3603672,2.0,-0.0763,SL,1749593850000,1749594030000
LINKUSDT,BUY,15.3735372,15.3964407,2.0,0.0458,TP,1749594045000,1749594090000
LINKUSDT,BUY,15.4155414,15.3773689,2.0,-0.0763,SL,1749594165000,1749594255000
LINKUSDT,BUY,15.4095408,15.4324443,2.0,0.0458,TP,1749594270000,1749594630000
LINKUSDT,BUY,15.421542,15.4444455,2.0,0.0458,TP,1749594675000,1749594690000
LINKUSDT,BUY,15.4285427,15.3903702,2.0,-0.0763,SL,1749594750000,1749594930000
LINKUSDT,BUY,15.384538299999999,15.3463658,2.0,-0.0763,SL,1749594945000,1749595170000
LINKUSDT,SELL,15.336466199999998,15.313562699999999,2.0,0.0458,TP,1749595230000,1749595530000
LINKUSDT,SELL,15.321467700000001,15.298564200000001,2.0,0.0458,TP,1749595590000,1749595950000
LINKUSDT,SELL,15.3264672,15.3646397,2.0,-0.0763,SL,1749596010000,1749596130000
LINKUSDT,SELL,15.359463900000002,15.336560400000002,2.0,0.0458,TP,1749596145000,1749596910000
LINKUSDT,SELL,15.350464800000001,15.327561300000001,2.0,0.0458,TP,1749596970000,1749597015000
LINKUSDT,BUY,15.3545353,15.3774388,2.0,0.0458,TP,1749597045000,1749597135000
LINKUSDT,BUY,15.3545353,15.3774388,2.0,0.0458,TP,1749597210000,1749597330000
LINKUSDT,BUY,15.3585357,15.381439199999999,2.0,0.0458,TP,1749597390000,1749597450000
LINKUSDT,BUY,15.3625361,15.3854396,2.0,0.0458,TP,1749597510000,1749597930000
LINKUSDT,BUY,15.3885387,15.4114422,2.0,0.0458,TP,1749597990000,1749598275000
LINKUSDT,BUY,15.3835382,15.4064417,2.0,0.0458,TP,1749598410000,1749598710000
LINKUSDT,BUY,15.3795378,15.4024413,2.0,0.0458,TP,1749598755000,1749598770000
LINKUSDT,BUY,15.3975396,15.4204431,2.0,0.0458,TP,1749598830000,1749599010000
LINKUSDT,BUY,15.4295428,15.3913703,2.0,-0.0763,SL,1749599085000,1749599190000
LINKUSDT,BUY,15.400539899999998,15.423443399999998,2.0,0.0458,TP,1749599205000,1749599430000
LINKUSDT,BUY,15.4375436,15.4604471,2.0,0.0458,TP,1749599550000,1749600390000
LINKUSDT,BUY,15.4635462,15.4864497,2.0,0.0458,TP,1749600450000,1749600510000
LINKUSDT,BUY,15.4335432,15.4564467,2.0,0.0458,TP,1749600570000,1749600630000
LINKUSDT,SELL,15.445455299999999,15.422551799999999,2.0,0.0458,TP,1749600705000,1749600750000
LINKUSDT,SELL,15.4214577,15.4596302,2.0,-0.0763,SL,1749600795000,1749600930000
LINKUSDT,SELL,15.4354563,15.4736288,2.0,-0.0763,SL,1749600945000,1749601050000
LINKUSDT,SELL,15.4724526,15.4495491,2.0,0.0458,TP,1749601065000,1749601110000
LINKUSDT,SELL,15.4374561,15.4145526,2.0,0.0458,TP,1749601155000,1749601170000
LINKUSDT,SELL,15.3754623,15.3525588,2.0,0.0458,TP,1749601275000,1749601350000
LINKUSDT,SELL,15.350464800000001,15.327561300000001,2.0,0.0458,TP,1749601410000,1749601470000
LINKUSDT,SELL,15.338466,15.3155625,2.0,0.0458,TP,1749601515000,1749601770000
LINKUSDT,SELL,15.317468100000001,15.294564600000001,2.0,0.0458,TP,1749601815000,1749601890000
LINKUSDT,SELL,15.304469399999999,15.281565899999999,2.0,0.0458,TP,1749601935000,1749602010000
LINKUSDT,SELL,15.3024696,15.3406421,2.0,-0.0763,SL,1749602070000,1749602190000
LINKUSDT,SELL,15.336466199999998,15.313562699999999,2.0,0.0458,TP,1749602205000,1749602310000
LINKUSDT,SELL,15.29847,15.2755665,2.0,0.0458,TP,1749602370000,1749602430000
LINKUSDT,SELL,15.2654733,15.3036458,2.0,-0.0763,SL,1749602505000,1749602850000
LINKUSDT,SELL,15.318468000000001,15.295564500000001,2.0,0.0458,TP,1749602865000,1749603090000
LINKUSDT,SELL,15.3034695,15.280566,2.0,0.0458,TP,1749603150000,1749603330000
LINKUSDT,SELL,15.283471500000001,15.260568000000001,2.0,0.0458,TP,1749603390000,1749603450000
LINKUSDT,SELL,15.2734725,15.250569,2.0,0.0458,TP,1749603510000,1749603690000
LINKUSDT,SELL,15.2644734,15.2415699,2.0,0.0458,TP,1749603750000,1749603810000
LINKUSDT,SELL,15.2494749,15.2265714,2.0,0.0458,TP,1749603855000,1749603930000
LINKUSDT,SELL,15.2254773,15.2025738,2.0,0.0458,TP,1749603990000,1749604110000
LINKUSDT,SELL,15.2044794,15.2426519,2.0,-0.0763,SL,1749604155000,1749604470000
LINKUSDT,SELL,15.238476,15.2155725,2.0,0.0458,TP,1749604485000,1749604590000
LINKUSDT,SELL,15.221477700000001,15.198574200000001,2.0,0.0458,TP,1749604635000,1749604695000
LINKUSDT,SELL,15.2224776,15.1995741,2.0,0.0458,TP,1749604770000,1749605235000
LINKUSDT,SELL,15.228477,15.2055735,2.0,0.0458,TP,1749605250000,1749605430000
LINKUSDT,SELL,15.2104788,15.1875753,2.0,0.0458,TP,1749605490000,1749605670000
LINKUSDT,SELL,15.183481500000001,15.160578000000001,2.0,0.0458,TP,1749605730000,1749606195000
LINKUSDT,SELL,15.1934805,15.170577,2.0,0.0458,TP,1749606270000,1749606330000
LINKUSDT,SELL,15.1874811,15.1645776,2.0,0.0458,TP,1749606390000,1749606735000
LINKUSDT,SELL,15.192480600000001,15.169577100000001,2.0,0.0458,TP,1749606750000,1749606870000
LINKUSDT,SELL,15.1664832,15.2046557,2.0,-0.0763,SL,1749606975000,1749607230000
LINKUSDT,SELL,15.2044794,15.2426519,2.0,-0.0763,SL,1749607245000,1749607710000
LINKUSDT,BUY,15.239523799999999,15.201351299999999,2.0,-0.0763,SL,1749607830000,1749608010000
LINKUSDT,BUY,15.202520100000001,15.164347600000001,2.0,-0.0763,SL,1749608025000,1749608310000
LINKUSDT,SELL,15.1724826,15.2106551,2.0,-0.0763,SL,1749608370000,1749609690000
LINKUSDT,SELL,15.1994799,15.1765764,2.0,0.0458,TP,1749609705000,1749609870000
LINKUSDT,SELL,15.1714827,15.1485792,2.0,0.0458,TP,1749609915000,1749609990000
LINKUSDT,SELL,15.1534845,15.130581,2.0,0.0458,TP,1749610050000,1749610290000
LINKUSDT,SELL,15.1454853,15.1836578,2.0,-0.0763,SL,1749610350000,1749611070000
LINKUSDT,SELL,15.1844814,15.2226539,2.0,-0.0763,SL,1749611085000,1749611250000
LINKUSDT,BUY,15.266526500000001,15.228354000000001,2.0,-0.0763,SL,1749611415000,1749611790000
LINKUSDT,BUY,15.2325231,15.2554266,2.0,0.0458,TP,1749611805000,1749612150000
LINKUSDT,BUY,15.292529100000001,15.315432600000001,2.0,0.0458,TP,1749612225000,1749612750000
LINKUSDT,BUY,15.3065305,15.329434,2.0,0.0458,TP,1749612810000,1749613050000
LINKUSDT,BUY,15.3095308,15.2713583,2.0,-0.0763,SL,1749613110000,1749613875000
LINKUSDT,BUY,15.294529299999999,15.256356799999999,2.0,-0.0763,SL,1749613890000,1749614730000
LINKUSDT,BUY,15.2445243,15.2063518,2.0,-0.0763,SL,1749614745000,1749615150000
LINKUSDT,SELL,15.2124786,15.2506511,2.0,-0.0763,SL,1749615210000,1749616350000
LINKUSDT,SELL,15.281471699999999,15.2585682,2.0,0.0458,TP,1749616365000,1749616695000
LINKUSDT,BUY,15.266526500000001,15.228354000000001,2.0,-0.0763,SL,1749616815000,1749617055000
LINKUSDT,SELL,15.2174781,15.2556506,2.0,-0.0763,SL,1749617145000,1749617250000
LINKUSDT,SELL,15.2594739,15.2365704,2.0,0.0458,TP,1749617265000,1749617475000
LINKUSDT,SELL,15.258474,15.2355705,2.0,0.0458,TP,1749617550000,1749617610000
LINKUSDT,SELL,15.2444754,15.2215719,2.0,0.0458,TP,1749617670000,1749618210000
LINKUSDT,SELL,15.2344764,15.2115729,2.0,0.0458,TP,1749618270000,1749618330000
LINKUSDT,SELL,15.2174781,15.1945746,2.0,0.0458,TP,1749618375000,1749618450000
LINKUSDT,SELL,15.1994799,15.2376524,2.0,-0.0763,SL,1749618510000,1749619530000
LINKUSDT,SELL,15.250474800000001,15.288647300000001,2.0,-0.0763,SL,1749619545000,1749621090000
LINKUSDT,BUY,15.2875286,15.3104321,2.0,0.0458,TP,1749621330000,1749621690000
LINKUSDT,BUY,15.3065305,15.268358,2.0,-0.0763,SL,1749621810000,1749622770000
LINKUSDT,BUY,15.2795278,15.3024313,2.0,0.0458,TP,1749622785000,1749622950000
LINKUSDT,BUY,15.2885287,15.2503562,2.0,-0.0763,SL,1749623010000,1749623310000
LINKUSDT,SELL,15.2644734,15.2415699,2.0,0.0458,TP,1749623370000,1749623490000
LINKUSDT,SELL,15.2314767,15.2696492,2.0,-0.0763,SL,1749623550000,1749623910000
LINKUSDT,SELL,15.2904708,15.2675673,2.0,0.0458,TP,1749623925000,1749623970000
LINKUSDT,BUY,15.2805279,15.3034314,2.0,0.0458,TP,1749624090000,1749624690000
LINKUSDT,BUY,15.297529599999999,15.320433099999999,2.0,0.0458,TP,1749624750000,1749624810000
LINKUSDT,BUY,15.329532799999999,15.352436299999999,2.0,0.0458,TP,1749624885000,1749624990000
LINKUSDT,BUY,15.3495348,15.3113623,2.0,-0.0763,SL,1749625050000,1749625650000
LINKUSDT,BUY,15.300529899999999,15.323433399999999,2.0,0.0458,TP,1749625665000,1749625890000
LINKUSDT,BUY,15.3605359,15.3834394,2.0,0.0458,TP,1749625965000,1749626670000
LINKUSDT,BUY,15.351535,15.3744385,2.0,0.0458,TP,1749626730000,1749626790000
LINKUSDT,BUY,15.3525351,15.3754386,2.0,0.0458,TP,1749626835000,1749626910000
LINKUSDT,BUY,15.3695368,15.3924403,2.0,0.0458,TP,1749626970000,1749627270000
LINKUSDT,BUY,15.3895388,15.4124423,2.0,0.0458,TP,1749627315000,1749627450000
LINKUSDT,BUY,15.4225421,15.4454456,2.0,0.0458,TP,1749627525000,1749628170000
LINKUSDT,BUY,15.411541,15.4344445,2.0,0.0458,TP,1749628230000,1749628530000
LINKUSDT,BUY,15.4295428,15.3913703,2.0,-0.0763,SL,1749628575000,1749628770000
LINKUSDT,BUY,15.3925391,15.4154426,2.0,0.0458,TP,1749628785000,1749629175000
LINKUSDT,SELL,15.374462399999999,15.412634899999999,2.0,-0.0763,SL,1749629205000,1749629250000
LINKUSDT,SELL,15.4224576,15.3995541,2.0,0.0458,TP,1749629265000,1749629310000
LINKUSDT,SELL,15.4074591,15.3845556,2.0,0.0458,TP,1749629355000,1749629415000
LINKUSDT,BUY,15.413541200000001,15.375368700000001,2.0,-0.0763,SL,1749629505000,1749629790000
LINKUSDT,SELL,15.3054693,15.3436418,2.0,-0.0763,SL,1749629985000,1749630030000
LINKUSDT,SELL,15.345465299999999,15.322561799999999,2.0,0.0458,TP,1749630045000,1749630450000
LINKUSDT,SELL,15.3354663,15.3125628,2.0,0.0458,TP,1749630510000,1749631110000
LINKUSDT,SELL,15.2964702,15.2735667,2.0,0.0458,TP,1749631185000,1749631530000
LINKUSDT,SELL,15.272472599999999,15.249569099999999,2.0,0.0458,TP,1749631665000,1749631830000
LINKUSDT,SELL,15.243475499999999,15.220571999999999,2.0,0.0458,TP,1749631890000,1749632490000
LINKUSDT,SELL,15.2304768,15.2075733,2.0,0.0458,TP,1749632535000,1749632610000
LINKUSDT,SELL,15.2224776,15.1995741,2.0,0.0458,TP,1749632655000,1749632775000
LINKUSDT,SELL,15.2294769,15.2065734,2.0,0.0458,TP,1749632790000,1749632850000
LINKUSDT,SELL,15.2314767,15.2696492,2.0,-0.0763,SL,1749632910000,1749633330000
LINKUSDT,SELL,15.2744724,15.2515689,2.0,0.0458,TP,1749633345000,1749634290000
LINKUSDT,BUY,15.261526,15.2233535,2.0,-0.0763,SL,1749634365000,1749634590000
LINKUSDT,SELL,15.2204778,15.1975743,2.0,0.0458,TP,1749634650000,1749634830000
LINKUSDT,SELL,15.1974801,15.1745766,2.0,0.0458,TP,1749634890000,1749635550000
LINKUSDT,SELL,15.151484700000001,15.128581200000001,2.0,0.0458,TP,1749635670000,1749635835000
LINKUSDT,SELL,15.1444854,15.1215819,2.0,0.0458,TP,1749635910000,1749636330000
LINKUSDT,SELL,15.1314867,15.1696592,2.0,-0.0763,SL,1749636390000,1749636510000
LINKUSDT,SELL,15.1714827,15.1485792,2.0,0.0458,TP,1749636525000,1749636915000
LINKUSDT,SELL,15.1804818,15.1575783,2.0,0.0458,TP,1749636930000,1749637290000
LINKUSDT,BUY,15.151515,15.1744185,2.0,0.0458,TP,1749637470000,1749637710000
LINKUSDT,BUY,15.1865185,15.209422,2.0,0.0458,TP,1749637785000,1749638070000
LINKUSDT,BUY,15.2035202,15.2264237,2.0,0.0458,TP,1749638115000,1749638730000
LINKUSDT,BUY,15.2225221,15.2454256,2.0,0.0458,TP,1749638775000,1749638910000
LINKUSDT,BUY,15.2645263,15.2874298,2.0,0.0458,TP,1749639030000,1749639150000
LINKUSDT,BUY,15.294529299999999,15.317432799999999,2.0,0.0458,TP,1749639195000,1749639270000
LINKUSDT,BUY,15.3025301,15.3254336,2.0,0.0458,TP,1749639375000,1749639390000
LINKUSDT,BUY,15.3595358,15.3824393,2.0,0.0458,TP,1749639435000,1749639450000
LINKUSDT,BUY,15.4255424,15.4484459,2.0,0.0458,TP,1749639525000,1749639570000
LINKUSDT,BUY,15.473547199999999,15.496450699999999,2.0,0.0458,TP,1749639615000,1749639630000
LINKUSDT,SELL,15.1594839,15.1976564,2.0,-0.0763,SL,1749639705000,1749639750000
LINKUSDT,SELL,15.189480900000001,15.166577400000001,2.0,0.0458,TP,1749639765000,1749639810000
LINKUSDT,SELL,15.1704828,15.1475793,2.0,0.0458,TP,1749639870000,1749639885000
LINKUSDT,SELL,15.179481899999999,15.156578399999999,2.0,0.0458,TP,1749639930000,1749639990000
LINKUSDT,SELL,15.1854813,15.1625778,2.0,0.0458,TP,1749640050000,1749640110000
LINKUSDT,SELL,15.1944804,15.2326529,2.0,-0.0763,SL,1749640170000,1749640515000
LINKUSDT,SELL,15.1344864,15.1115829,2.0,0.0458,TP,1749640605000,1749640950000
LINKUSDT,SELL,15.0664932,15.1046657,2.0,-0.0763,SL,1749641025000,1749641130000
LINKUSDT,SELL,15.102489599999998,15.140662099999998,2.0,-0.0763,SL,1749641145000,1749641430000
LINKUSDT,SELL,15.160483800000002,15.137580300000002,2.0,0.0458,TP,1749641445000,1749641850000
LINKUSDT,SELL,15.0944904,15.1326629,2.0,-0.0763,SL,1749642030000,1749642750000
LINKUSDT,SELL,15.1264872,15.1646597,2.0,-0.0763,SL,1749642765000,1749642915000
LINKUSDT,SELL,15.1344864,15.1726589,2.0,-0.0763,SL,1749642930000,1749643110000
LINKUSDT,BUY,15.134513299999998,15.157416799999998,2.0,0.0458,TP,1749643155000,1749643170000
LINKUSDT,BUY,15.1385137,15.1614172,2.0,0.0458,TP,1749643230000,1749643290000
LINKUSDT,BUY,15.1265125,15.149416,2.0,0.0458,TP,1749643350000,1749643470000
LINKUSDT,BUY,15.1605159,15.1834194,2.0,0.0458,TP,1749643530000,1749643575000
LINKUSDT,BUY,15.1265125,15.149416,2.0,0.0458,TP,1749643590000,1749643650000
LINKUSDT,BUY,15.1545153,15.1774188,2.0,0.0458,TP,1749643710000,1749643830000
LINKUSDT,BUY,15.198519699999999,15.221423199999998,2.0,0.0458,TP,1749643875000,1749643890000
LINKUSDT,BUY,15.1625161,15.1854196,2.0,0.0458,TP,1749643950000,1749644010000
LINKUSDT,BUY,15.1785177,15.1403452,2.0,-0.0763,SL,1749644070000,1749644250000
LINKUSDT,SELL,15.151484700000001,15.128581200000001,2.0,0.0458,TP,1749644295000,1749644490000
LINKUSDT,SELL,15.0994899,15.0765864,2.0,0.0458,TP,1749644565000,1749644970000
LINKUSDT,BUY,15.259525799999999,15.282429299999999,2.0,0.0458,TP,1749645045000,1749645090000
LINKUSDT,BUY,15.265526399999999,15.288429899999999,2.0,0.0458,TP,1749645135000,1749645150000
LINKUSDT,BUY,15.265526399999999,15.288429899999999,2.0,0.0458,TP,1749645195000,1749645210000
LINKUSDT,BUY,15.351535,15.3133625,2.0,-0.0763,SL,1749645285000,1749645390000
LINKUSDT,BUY,15.3245323,15.2863598,2.0,-0.0763,SL,1749645405000,1749645450000
LINKUSDT,BUY,15.3025301,15.3254336,2.0,0.0458,TP,1749645465000,1749645630000
LINKUSDT,BUY,15.365536400000002,15.388439900000002,2.0,0.0458,TP,1749645675000,1749645750000
LINKUSDT,BUY,15.4275426,15.4504461,2.0,0.0458,TP,1749645795000,1749645810000
LINKUSDT,BUY,15.4085407,15.3703682,2.0,-0.0763,SL,1749645870000,1749645990000
LINKUSDT,BUY,15.3625361,15.3854396,2.0,0.0458,TP,1749646005000,1749646095000
LINKUSDT,BUY,15.351535,15.3133625,2.0,-0.0763,SL,1749646110000,1749646410000
LINKUSDT,BUY,15.3105309,15.2723584,2.0,-0.0763,SL,1749646425000,1749646950000
LINKUSDT,SELL,15.3114687,15.3496412,2.0,-0.0763,SL,1749647010000,1749647130000
LINKUSDT,SELL,15.3444654,15.3826379,2.0,-0.0763,SL,1749647145000,1749647190000
LINKUSDT,SELL,15.3764622,15.4146347,2.0,-0.0763,SL,1749647205000,1749647250000
LINKUSDT,BUY,15.4125411,15.4354446,2.0,0.0458,TP,1749647325000,1749647370000
LINKUSDT,BUY,15.3885387,15.4114422,2.0,0.0458,TP,1749647430000,1749647850000
LINKUSDT,BUY,15.40154,15.4244435,2.0,0.0458,TP,1749647910000,1749648090000
LINKUSDT,BUY,15.4145413,15.4374448,2.0,0.0458,TP,1749648150000,1749648270000
LINKUSDT,BUY,15.4335432,15.4564467,2.0,0.0458,TP,1749648315000,1749648390000
LINKUSDT,BUY,15.4155414,15.4384449,2.0,0.0458,TP,1749648450000,1749648510000
LINKUSDT,BUY,15.4495448,15.4113723,2.0,-0.0763,SL,1749648555000,1749648720000
LINKUSDT,BUY,15.4235422,15.3853697,2.0,-0.0763,SL,1749648735000,1749648750000
LINKUSDT,SELL,15.353464500000001,15.330561000000001,2.0,0.0458,TP,1749648795000,1749648810000
LINKUSDT,SELL,15.377462099999999,15.354558599999999,2.0,0.0458,TP,1749648870000,1749648915000
LINKUSDT,SELL,15.3904608,15.4286333,2.0,-0.0763,SL,1749648930000,1749648990000
LINKUSDT,SELL,15.4434555,15.481628,2.0,-0.0763,SL,1749649005000,1749649110000
LINKUSDT,BUY,15.442544100000001,15.404371600000001,2.0,-0.0763,SL,1749649170000,1749649290000
LINKUSDT,BUY,15.4075406,15.3693681,2.0,-0.0763,SL,1749649305000,1749649395000
LINKUSDT,BUY,15.3985397,15.3603672,2.0,-0.0763,SL,1749649425000,1749649590000
LINKUSDT,SELL,15.3314667,15.3696392,2.0,-0.0763,SL,1749649650000,1749649770000
